105,121,600,0,-121,0
106,121,600,255,479,0
107,121,600,255,479,0
108,121,600,255,479,0
109,121,600,255,479,0
110,121,600,255,479,0
111,120,600,255,480,1
112,120,600,255,480,1
113,120,600,255,480,1
114,120,600,255,480,1
115,120,600,255,480,1
116,120,600,255,480,1
117,120,600,255,480,1
118,120,600,255,480,1
119,121,600,255,479,0
120,121,600,255,479,0
121,120,600,255,480,1
122,120,600,255,480,1
123,121,600,255,479,0
124,121,600,255,479,0
125,121,600,255,479,0
126,121,600,255,479,0
127,121,600,255,479,0
128,121,600,255,479,0
129,121,600,255,479,0
130,121,600,255,479,0
131,121,600,255,479,0
132,121,600,255,479,0
133,122,600,255,478,-1
134,122,600,255,478,-1
135,121,600,255,479,0
136,122,600,255,478,-1
137,122,600,255,478,-2
138,122,600,255,478,-1
139,122,600,255,478,-1
140,123,600,255,477,-2
141,123,600,255,477,-3
142,123,600,255,477,-2
143,123,600,255,477,-2
144,123,600,255,477,-2
145,123,600,255,477,-2
146,124,600,255,476,-3
147,124,600,255,476,-3
148,124,600,255,476,-3
149,124,600,255,476,-3
150,125,600,255,475,-4
151,125,600,255,475,-5
152,125,600,255,475,-5
153,125,600,255,475,-5
154,126,600,255,474,-6
155,126,600,255,474,-6
156,126,600,255,474,-6
157,127,600,255,473,-7
158,126,600,255,474,-6
159,128,600,255,472,-7
160,128,600,255,472,-7
161,128,600,255,472,-8
162,128,600,255,472,-8
163,129,600,255,471,-8
164,129,600,255,471,-8
165,129,600,255,471,-8
166,130,600,255,470,-9
167,130,600,255,470,-9
168,131,600,255,469,-10
169,131,600,255,469,-10
170,131,600,255,469,-10
171,132,600,255,468,-11
172,132,600,255,468,-11
173,132,600,255,468,-10
174,133,600,255,467,-11
175,133,600,255,467,-12
176,134,600,255,466,-12
177,134,600,255,466,-12
178,135,600,255,465,-13
179,135,600,255,465,-13
180,136,600,255,464,-13
181,136,600,255,464,-13
182,136,600,255,464,-13
183,137,600,255,463,-14
184,137,600,255,463,-14
185,138,600,255,462,-15
186,138,600,255,462,-14
187,139,600,255,461,-15
188,139,600,255,461,-15
189,140,600,255,460,-16
190,140,600,255,460,-15
191,141,600,255,459,-16
192,142,600,255,458,-17
193,142,600,255,458,-17
194,143,600,255,457,-17
195,143,600,255,457,-17
196,144,600,255,456,-18
197,144,600,255,456,-17
198,145,600,255,455,-19
199,145,600,255,455,-17
200,146,600,255,454,-18
201,147,600,255,453,-19
202,147,600,255,453,-19
203,148,600,255,452,-19
204,148,600,255,452,-19
205,149,600,255,451,-20
206,150,600,255,450,-20
207,150,600,255,450,-20
208,151,600,255,449,-20
209,152,600,255,448,-21
210,152,600,255,448,-21
211,153,600,255,447,-21
212,154,600,255,446,-22
213,154,600,255,446,-22
214,155,600,255,445,-22
215,155,600,255,445,-22
216,156,600,255,444,-22
217,157,600,255,443,-23
218,157,600,255,443,-22
219,158,600,255,442,-23
220,159,600,255,441,-23
221,159,600,255,441,-23
222,160,600,255,440,-24
223,161,600,255,439,-24
224,162,600,255,438,-25
225,162,600,255,438,-24
226,163,600,255,437,-25
227,164,600,255,436,-25
228,164,600,255,436,-25
229,165,600,255,435,-25
230,166,600,255,434,-26
231,166,600,255,434,-25
232,167,600,255,433,-25
233,168,600,255,432,-26
234,168,600,255,432,-25
235,169,600,255,431,-26
236,170,600,255,430,-26
237,170,600,255,430,-26
238,172,600,255,428,-27
239,172,600,255,428,-27
240,173,600,255,427,-27
241,174,600,255,426,-27
242,174,600,255,426,-27
243,175,600,255,425,-27
244,176,600,255,424,-28
245,177,600,255,423,-28
246,178,600,255,422,-28
247,179,600,255,421,-29
248,179,600,255,421,-28
249,180,600,255,420,-28
250,181,600,255,419,-29
251,182,600,255,418,-29
252,182,600,255,418,-28
253,183,600,255,417,-29
254,184,600,255,416,-29
255,185,600,255,415,-30
256,185,600,255,415,-29
257,187,600,255,413,-30
258,187,600,255,413,-30
259,188,600,255,412,-30
260,189,600,255,411,-30
261,189,600,255,411,-30
262,190,600,255,410,-30
263,191,600,255,409,-30
264,192,600,255,408,-30
265,193,600,255,407,-31
266,194,600,255,406,-31
267,195,600,255,405,-31
268,195,600,255,405,-31
269,196,600,255,404,-31
270,197,600,255,403,-31
271,198,600,255,402,-32
272,199,600,255,401,-32
273,200,600,255,400,-32
274,201,600,255,399,-33
275,201,600,255,399,-32
276,203,600,255,397,-33
277,203,600,255,397,-33
278,204,600,255,396,-32
279,205,600,255,395,-33
280,206,600,255,394,-33
281,206,600,255,394,-32
282,208,600,255,392,-34
283,208,600,255,392,-33
284,209,600,255,391,-33
285,210,600,255,390,-33
286,211,600,255,389,-33
287,212,600,255,388,-33
288,213,600,255,387,-34
289,214,600,255,386,-34
290,215,600,255,385,-34
291,216,600,255,384,-34
292,217,600,255,383,-35
293,217,600,255,383,-34
294,219,600,255,381,-35
295,220,600,255,380,-35
296,220,600,255,380,-35
297,221,600,255,379,-34
298,222,600,255,378,-35
299,223,600,255,377,-35
300,224,600,255,376,-35
301,225,600,255,375,-36
302,226,600,255,374,-36
303,227,600,255,373,-36
304,227,600,255,373,-35
305,229,600,255,371,-36
306,230,600,255,370,-36
307,230,600,255,370,-35
308,232,600,255,368,-37
309,233,600,255,367,-37
310,233,600,255,367,-36
311,234,600,255,366,-36
312,235,600,255,365,-36
313,236,600,255,364,-36
314,237,600,255,363,-36
315,238,600,255,362,-37
316,239,600,255,361,-36
317,240,600,255,360,-37
318,241,600,255,359,-37
319,242,600,255,358,-37
320,243,600,255,357,-37
321,244,600,255,356,-38
322,245,600,255,355,-37
323,246,600,255,354,-38
324,247,600,255,353,-38
325,248,600,255,352,-38
326,249,600,255,351,-38
327,250,600,255,350,-38
328,251,600,255,349,-38
329,252,600,255,348,-38
330,253,600,255,347,-38
331,254,600,255,346,-38
332,255,600,255,345,-38
333,256,600,255,344,-39
334,257,600,255,343,-38
335,258,600,255,342,-38
336,259,600,255,341,-39
337,260,600,255,340,-39
338,261,600,255,339,-39
339,262,600,255,338,-39
340,263,600,255,337,-39
341,264,600,255,336,-39
342,265,600,255,335,-39
343,266,600,255,334,-39
344,267,600,255,333,-40
345,268,600,255,332,-39
346,269,600,255,331,-39
347,270,600,255,330,-40
348,271,600,255,329,-39
349,272,600,255,328,-39
350,273,600,255,327,-40
351,274,600,255,326,-40
352,275,600,255,325,-40
353,276,600,255,324,-40
354,277,600,255,323,-40
355,278,600,255,322,-40
356,279,600,255,321,-40
357,281,600,255,319,-41
358,282,600,255,318,-41
359,283,600,255,317,-41
360,284,600,255,316,-41
361,285,600,255,315,-41
362,286,600,255,314,-41
363,287,600,255,313,-41
364,288,600,255,312,-41
365,289,600,255,311,-41
366,290,600,255,310,-41
367,291,600,255,309,-41
368,292,600,255,308,-41
369,293,600,255,307,-41
370,295,600,255,305,-42
371,296,600,255,304,-42
372,297,600,255,303,-42
373,298,600,255,302,-42
374,299,600,255,301,-42
375,300,600,255,300,-42
376,301,600,255,299,-42
377,302,600,255,298,-42
378,303,600,255,297,-42
379,304,600,255,296,-42
380,305,600,255,295,-42
381,306,600,255,294,-42
382,307,600,255,293,-42
383,308,600,255,292,-42
384,310,600,255,290,-43
385,311,600,255,289,-43
386,312,600,255,288,-43
387,313,600,255,287,-43
388,314,600,255,286,-43
389,315,600,255,285,-43
390,316,600,255,284,-43
391,317,600,255,283,-43
392,318,600,255,282,-43
393,319,600,255,281,-43
394,320,600,255,280,-43
395,321,600,255,279,-43
396,322,600,255,278,-43
397,323,600,255,277,-42
398,324,600,255,276,-42
399,326,600,255,274,-43
400,327,600,255,273,-43
401,328,600,255,272,-43
402,329,600,255,271,-43
403,330,600,255,270,-43
404,331,600,255,269,-43
405,332,600,255,268,-43
406,333,600,255,267,-43
407,334,600,255,266,-43
408,335,600,255,265,-43
409,337,600,255,263,-44
410,338,600,255,262,-43
411,339,600,255,261,-43
412,340,600,255,260,-43
413,341,600,255,259,-43
414,342,600,255,258,-43
415,343,600,255,257,-43
416,344,600,255,256,-43
417,345,600,255,255,-43
418,347,600,255,253,-44
419,347,600,255,253,-43
420,349,600,255,251,-44
421,350,600,255,250,-44
422,351,600,255,249,-44
423,352,600,255,248,-44
424,353,600,255,247,-43
425,354,600,255,246,-43
426,355,600,255,245,-43
427,356,600,255,244,-43
428,357,600,255,243,-43
429,358,600,255,242,-43
430,359,600,255,241,-43
431,361,600,255,239,-44
432,362,600,255,238,-44
433,363,600,255,237,-44
434,364,600,255,236,-44
435,365,600,255,235,-44
436,366,600,255,234,-44
437,367,600,255,233,-44
438,368,600,255,232,-44
439,369,600,255,231,-43
440,370,600,255,230,-43
441,371,600,255,229,-43
442,372,600,255,228,-43
443,374,600,255,226,-44
444,374,600,255,226,-43
445,376,600,255,224,-44
446,377,600,255,223,-44
447,378,600,255,222,-44
448,379,600,255,221,-44
449,380,600,255,220,-43
450,381,600,255,219,-43
451,382,600,255,218,-43
452,383,600,255,217,-43
453,384,600,255,216,-43
454,385,600,255,215,-43
455,387,600,255,213,-44
456,388,600,255,212,-44
457,389,600,255,211,-44
458,390,600,255,210,-43
459,391,600,255,209,-44
460,392,600,255,208,-43
461,393,600,255,207,-43
462,394,600,255,206,-43
463,395,600,255,205,-43
464,396,600,255,204,-43
465,397,600,255,203,-43
466,399,600,255,201,-44
467,400,600,255,200,-44
468,401,600,255,199,-44
469,402,600,255,198,-44
470,403,600,255,197,-44
471,404,600,255,196,-43
472,405,600,255,195,-43
473,406,600,255,194,-43
474,407,600,255,193,-43
475,408,600,255,192,-43
476,409,600,255,191,-43
477,410,600,255,190,-43
478,411,600,255,189,-43
479,412,600,255,188,-43
480,413,600,255,187,-43
481,414,600,255,186,-43
482,416,600,255,184,-44
483,417,600,255,183,-43
484,418,600,255,182,-44
485,419,600,255,181,-43
486,420,600,255,180,-43
487,421,600,255,179,-43
488,422,600,255,178,-43
489,423,600,255,177,-43
490,424,600,255,176,-43
491,426,600,255,174,-44
492,427,600,255,173,-44
493,428,600,255,172,-44
494,429,600,255,171,-44
495,430,600,255,170,-43
496,431,600,255,169,-43
497,432,600,255,168,-43
498,433,600,255,167,-43
499,434,600,255,166,-43
500,435,600,255,165,-43
501,436,600,255,164,-43
502,437,600,255,163,-43
503,438,600,255,162,-43
504,439,600,255,161,-43
505,441,600,255,159,-44
506,442,600,255,158,-43
507,443,600,255,157,-43
508,444,600,255,156,-43
509,445,600,255,155,-43
510,446,600,255,154,-43
511,447,600,255,153,-43
512,448,600,255,152,-43
513,449,600,255,151,-43
514,450,600,255,150,-43
515,452,600,255,148,-44
516,453,600,255,147,-44
517,454,600,255,146,-44
518,455,600,255,145,-44
519,456,600,255,144,-44
520,457,600,255,143,-44
521,458,600,255,142,-44
522,459,600,255,141,-43
523,460,600,255,140,-43
524,461,600,255,139,-43
525,462,600,255,138,-43
526,463,600,255,137,-43
527,464,600,255,136,-43
528,465,600,255,135,-43
529,467,600,255,133,-44
530,467,600,255,133,-43
531,468,600,255,132,-42
532,470,600,255,130,-43
533,471,600,255,129,-43
534,472,600,255,128,-43
535,473,600,255,127,-43
536,474,600,255,126,-43
537,475,600,255,125,-43
538,476,600,255,124,-43
539,477,600,255,123,-43
540,478,600,255,122,-43
541,479,600,255,121,-43
542,480,600,255,120,-43
543,481,600,255,119,-43
544,482,600,255,118,-43
545,483,600,255,117,-42
546,484,600,255,116,-42
547,485,600,255,115,-42
548,486,600,255,114,-42
549,487,600,255,113,-42
550,488,600,255,112,-42
551,489,600,255,111,-42
552,491,600,255,109,-43
553,492,600,255,108,-43
554,493,600,255,107,-43
555,494,600,255,106,-42
556,495,600,255,105,-42
557,496,600,255,104,-42
558,497,600,255,103,-42
559,498,600,255,102,-42
560,499,600,255,101,-42
561,500,600,255,100,-42
562,501,600,255,99,-42
563,501,600,255,99,-41
564,503,600,255,97,-42
565,504,600,255,96,-42
566,505,600,255,95,-42
567,506,600,255,94,-42
568,507,600,255,93,-42
569,508,600,255,92,-41
570,509,600,255,91,-42
571,510,600,255,90,-42
572,511,600,255,89,-41
573,512,600,255,88,-41
574,512,600,255,88,-40
575,513,600,255,87,-40
576,514,600,255,86,-40
577,515,600,255,85,-40
578,516,600,255,84,-40
579,517,600,255,83,-40
580,518,600,255,82,-40
581,519,600,255,81,-40
582,520,600,255,80,-40
583,521,600,255,79,-40
584,522,600,255,78,-40
585,523,600,255,77,-40
586,524,600,255,76,-40
587,525,600,255,75,-40
588,526,600,255,74,-40
589,527,600,255,73,-40
590,528,600,255,72,-40
591,529,600,255,71,-40
592,530,600,255,70,-39
593,531,600,255,69,-39
594,532,600,255,68,-39
595,533,600,255,67,-39
596,534,600,255,66,-39
597,535,600,255,65,-39
598,536,600,255,64,-39
599,537,600,255,63,-39
600,538,600,255,62,-39
601,539,600,255,61,-39
602,540,600,255,60,-39
603,540,600,255,60,-39
604,541,600,255,59,-38
605,542,600,255,58,-38
606,543,600,255,57,-38
607,544,600,255,56,-38
608,545,600,255,55,-38
609,546,600,255,54,-38
610,547,600,255,53,-38
611,548,600,255,52,-38
612,549,600,255,51,-38
613,550,600,255,50,-38
614,551,600,255,49,-39
615,552,600,255,48,-39
616,552,600,255,48,-38
617,553,600,255,47,-38
618,554,600,255,46,-38
619,555,600,255,45,-38
620,556,600,255,44,-38
621,557,600,255,43,-38
622,558,600,255,42,-38
623,559,600,255,41,-38
624,560,600,255,40,-38
625,561,600,255,39,-38
626,562,600,255,38,-38
627,563,600,255,37,-38
628,564,600,255,36,-38
629,565,600,255,35,-38
630,565,600,255,35,-37
631,567,600,255,33,-38
632,568,600,255,32,-38
633,569,600,255,31,-38
634,569,600,255,31,-37
635,570,600,255,30,-37
636,571,600,255,29,-37
637,572,600,255,28,-37
638,573,600,255,27,-37
639,574,600,255,26,-37
640,575,600,255,25,-37
641,576,600,255,24,-37
642,577,600,255,23,-37
643,578,600,255,22,-38
644,579,600,255,21,-38
645,580,600,255,20,-38
646,581,600,255,19,-38
647,581,600,255,19,-37
648,582,600,255,18,-37
649,583,600,255,17,-37
650,584,600,255,16,-37
651,585,600,255,15,-37
652,586,600,255,14,-37
653,587,600,255,13,-37
654,588,600,255,12,-37
655,589,600,255,11,-37
656,589,600,255,11,-37
657,591,600,255,9,-38
658,591,600,255,9,-37
659,592,600,255,8,-37
660,593,600,223,7,-37
661,594,600,191,6,-37
662,595,600,159,5,-37
663,595,600,159,5,-36
664,596,600,127,4,-36
665,597,600,95,3,-36
666,598,600,64,2,-36
667,599,600,32,1,-36
668,599,600,32,1,-35
669,600,600,0,0,-35
670,601,600,0,-1,-36
671,601,600,0,-1,-34
672,602,600,0,-2,-34
673,602,600,0,-2,-33
674,603,600,0,-3,-34
675,603,600,0,-3,-33
676,604,600,0,-4,-33
677,604,600,0,-4,-32
678,605,600,0,-5,-32
679,605,600,0,-5,-31
680,606,600,0,-6,-31
681,606,600,0,-6,-30
682,607,600,0,-7,-30
683,607,600,0,-7,-29
684,607,600,0,-7,-28
685,608,600,0,-8,-28
686,608,600,0,-8,-27
687,608,600,0,-8,-27
688,609,600,0,-9,-27
689,609,600,0,-9,-26
690,610,600,0,-10,-26
691,610,600,0,-10,-25
692,610,600,0,-10,-24
693,611,600,0,-11,-24
694,611,600,0,-11,-23
695,612,600,0,-12,-23
696,612,600,0,-12,-23
697,612,600,0,-12,-21
698,612,600,0,-12,-21
699,613,600,0,-13,-21
700,613,600,0,-13,-20
701,613,600,0,-13,-19
702,613,600,0,-13,-18
703,613,600,0,-13,-18
704,614,600,0,-14,-18
705,614,600,0,-14,-17
706,614,600,0,-14,-16
707,614,600,0,-14,-15
708,615,600,0,-15,-16
709,615,600,0,-15,-15
710,615,600,0,-15,-14
711,615,600,0,-15,-14
712,616,600,0,-16,-14
713,616,600,0,-16,-14
714,616,600,0,-16,-13
715,616,600,0,-16,-13
716,616,600,0,-16,-12
717,616,600,0,-16,-12
718,617,600,0,-17,-12
719,617,600,0,-17,-12
720,617,600,0,-17,-11
721,617,600,0,-17,-11
722,618,600,0,-18,-11
723,618,600,0,-18,-11
724,618,600,0,-18,-11
725,618,600,0,-18,-10
726,618,600,0,-18,-10
727,619,600,0,-19,-11
728,619,600,0,-19,-10
729,619,600,0,-19,-10
730,619,600,0,-19,-9
731,619,600,0,-19,-9
732,619,600,0,-19,-9
733,619,600,0,-19,-8
734,619,600,0,-19,-8
735,619,600,0,-19,-7
736,620,600,0,-20,-8
737,620,600,0,-20,-8
738,620,600,0,-20,-8
739,620,600,0,-20,-7
740,620,600,0,-20,-7
741,620,600,0,-20,-7
742,620,600,0,-20,-7
743,621,600,0,-21,-8
744,621,600,0,-21,-7
745,621,600,0,-21,-7
746,621,600,0,-21,-7
747,621,600,0,-21,-7
748,621,600,0,-21,-6
749,621,600,0,-21,-6
750,621,600,0,-21,-6
751,622,600,0,-22,-7
752,622,600,0,-22,-6
753,622,600,0,-22,-6
754,622,600,0,-22,-6
755,622,600,0,-22,-6
756,622,600,0,-22,-6
757,622,600,0,-22,-6
758,622,600,0,-22,-5
759,622,600,0,-22,-5
760,622,600,0,-22,-5
761,622,600,0,-22,-5
762,623,600,0,-23,-5
763,622,600,0,-22,-4
764,623,600,0,-23,-5
765,623,600,0,-23,-5
766,623,600,0,-23,-5
767,623,600,0,-23,-4
768,623,600,0,-23,-4
769,623,600,0,-23,-4
770,623,600,0,-23,-4
771,623,600,0,-23,-4
772,623,600,0,-23,-4
773,623,600,0,-23,-4
774,623,600,0,-23,-4
775,623,600,0,-23,-4
776,623,600,0,-23,-3
777,623,600,0,-23,-3
778,623,600,0,-23,-3
779,624,600,0,-24,-4
780,623,600,0,-23,-3
781,623,600,0,-23,-3
782,623,600,0,-23,-3
783,623,600,0,-23,-2
784,623,600,0,-23,-2
785,623,600,0,-23,-2
786,624,600,0,-24,-3
787,624,600,0,-24,-3
788,624,600,0,-24,-3
789,624,600,0,-24,-3
790,623,600,0,-23,-2
791,624,600,0,-24,-2
792,624,600,0,-24,-2
793,624,600,0,-24,-2
794,624,600,0,-24,-2
795,624,600,0,-24,-2
796,624,600,0,-24,-2
797,624,600,0,-24,-2
798,624,600,0,-24,-2
799,624,600,0,-24,-2
800,624,600,0,-24,-2
801,624,600,0,-24,-2
802,624,600,0,-24,-1
803,623,600,0,-23,-1
804,623,600,0,-23,0
805,624,600,0,-24,-1
806,623,600,0,-23,0
807,624,600,0,-24,-1
808,624,600,0,-24,-1
809,624,600,0,-24,-1
810,624,600,0,-24,-1
811,624,600,0,-24,-1
812,623,600,0,-23,0
813,623,600,0,-23,0
814,623,600,0,-23,0
815,624,600,0,-24,-1
816,623,600,0,-23,0
817,623,600,0,-23,0
818,623,600,0,-23,0
819,623,600,0,-23,1
820,623,600,0,-23,0
821,623,600,0,-23,0
822,623,600,0,-23,0
823,623,600,0,-23,0
824,623,600,0,-23,0
825,623,600,0,-23,0
826,623,600,0,-23,1
827,623,600,0,-23,1
828,623,600,0,-23,1
829,623,600,0,-23,1
830,623,600,0,-23,0
831,623,600,0,-23,1
832,623,600,0,-23,1
833,623,600,0,-23,1
834,622,600,0,-22,2
835,622,600,0,-22,2
836,622,600,0,-22,2
837,622,600,0,-22,2
838,622,600,0,-22,2
839,622,600,0,-22,2
840,622,600,0,-22,2
841,622,600,0,-22,2
842,622,600,0,-22,2
843,622,600,0,-22,1
844,622,600,0,-22,1
845,622,600,0,-22,2
846,622,600,0,-22,1
847,622,600,0,-22,2
848,622,600,0,-22,2
849,622,600,0,-22,2
850,621,600,0,-21,3
851,621,600,0,-21,3
852,621,600,0,-21,2
853,621,600,0,-21,2
854,621,600,0,-21,2
855,621,600,0,-21,3
856,621,600,0,-21,2
857,621,600,0,-21,2
858,621,600,0,-21,2
859,620,600,0,-20,3
860,621,600,0,-21,2
861,620,600,0,-20,3
862,621,600,0,-21,2
863,620,600,0,-20,3
864,620,600,0,-20,3
865,620,600,0,-20,3
866,620,600,0,-20,3
867,620,600,0,-20,3
868,620,600,0,-20,3
869,620,600,0,-20,3
870,620,600,0,-20,3
871,620,600,0,-20,3
872,620,600,0,-20,3
873,620,600,0,-20,3
874,620,600,0,-20,2
875,620,600,0,-20,2
876,619,600,0,-19,3
877,619,600,0,-19,3
878,619,600,0,-19,3
879,619,600,0,-19,3
880,619,600,0,-19,3
881,619,600,0,-19,3
882,619,600,0,-19,3
883,619,600,0,-19,3
884,619,600,0,-19,3
885,618,600,0,-18,4
886,618,600,0,-18,4
887,618,600,0,-18,4
888,618,600,0,-18,4
889,618,600,0,-18,4
890,618,600,0,-18,3
891,618,600,0,-18,3
892,618,600,0,-18,3
893,618,600,0,-18,3
894,617,600,0,-17,4
895,617,600,0,-17,4
896,617,600,0,-17,4
897,617,600,0,-17,4
898,617,600,0,-17,4
899,617,600,0,-17,3
900,617,600,0,-17,4
901,616,600,0,-16,4
902,616,600,0,-16,5
903,616,600,0,-16,4
904,616,600,0,-16,4
905,616,600,0,-16,4
906,616,600,0,-16,4
907,616,600,0,-16,4
908,616,600,0,-16,4
909,616,600,0,-16,4
910,616,600,0,-16,4
911,615,600,0,-15,5
912,615,600,0,-15,5
913,615,600,0,-15,5
914,615,600,0,-15,5
915,615,600,0,-15,5
916,615,600,0,-15,4
917,614,600,0,-14,5
918,614,600,0,-14,5
919,614,600,0,-14,5
920,614,600,0,-14,5
921,614,600,0,-14,5
922,614,600,0,-14,5
923,614,600,0,-14,5
924,614,600,0,-14,5
925,613,600,0,-13,5
926,613,600,0,-13,5
927,613,600,0,-13,5
928,613,600,0,-13,5
929,613,600,0,-13,5
930,613,600,0,-13,5
931,613,600,0,-13,5
932,613,600,0,-13,5
933,612,600,0,-12,6
934,612,600,0,-12,5
935,612,600,0,-12,5
936,612,600,0,-12,5
937,612,600,0,-12,5
938,612,600,0,-12,5
939,612,600,0,-12,5
940,611,600,0,-11,6
941,611,600,0,-11,5
942,611,600,0,-11,5
943,611,600,0,-11,5
944,611,600,0,-11,5
945,611,600,0,-11,5
946,611,600,0,-11,5
947,610,600,0,-10,6
948,610,600,0,-10,6
949,610,600,0,-10,6
950,610,600,0,-10,6
951,610,600,0,-10,5
952,610,600,0,-10,5
953,609,600,0,-9,6
954,609,600,0,-9,6
955,609,600,0,-9,6
956,609,600,0,-9,6
957,609,600,0,-9,5
958,609,600,0,-9,5
959,608,600,0,-8,6
960,608,600,0,-8,6
961,608,600,0,-8,6
962,608,600,0,-8,6
963,608,600,0,-8,6
964,608,600,0,-8,6
965,608,600,0,-8,5
966,607,600,0,-7,6
967,607,600,0,-7,6
968,607,600,0,-7,6
969,607,600,0,-7,6
970,606,600,0,-6,7
971,606,600,0,-6,7
972,606,600,0,-6,7
973,606,600,0,-6,6
974,606,600,0,-6,6
975,605,600,0,-5,7
976,605,600,0,-5,7
977,605,600,0,-5,7
978,605,600,0,-5,7
979,605,600,0,-5,7
980,605,600,0,-5,6
981,605,600,0,-5,6
982,604,600,0,-4,7
983,604,600,0,-4,7
984,604,600,0,-4,7
985,604,600,0,-4,7
986,604,600,0,-4,7
987,604,600,0,-4,6
988,603,600,0,-3,7
989,603,600,0,-3,7
990,603,600,0,-3,7
991,603,600,0,-3,7
992,603,600,0,-3,7
993,603,600,0,-3,6
994,602,600,0,-2,7
995,602,600,0,-2,7
996,602,600,0,-2,7
997,602,600,0,-2,7
998,602,600,0,-2,7
999,601,600,0,-1,7
1000,601,600,0,-1,7
1001,601,600,0,-1,7
1002,601,600,0,-1,7
1003,601,600,0,-1,7
1004,601,600,0,-1,7
1005,601,600,0,-1,7
1006,600,600,0,0,7
1007,601,600,0,-1,6
1008,600,600,0,0,7
1009,600,600,0,0,7
1010,600,600,0,0,6
1011,599,600,32,1,7
1012,599,600,32,1,7
1013,599,600,32,1,7
1014,599,600,32,1,7
1015,599,600,32,1,6
1016,599,600,32,1,6
1017,599,600,32,1,6
1018,598,600,64,2,7
1019,598,600,64,2,7
1020,598,600,64,2,7
1021,598,600,64,2,7
1022,597,600,96,3,7
1023,597,600,96,3,7
1024,597,600,96,3,7
1025,597,600,96,3,7
1026,597,600,96,3,7
1027,596,600,128,4,8
1028,596,600,128,4,7
1029,596,600,128,4,7
1030,596,600,128,4,7
1031,596,600,128,4,7
1032,595,600,160,5,8
1033,596,600,128,4,7
1034,595,600,160,5,7
1035,595,600,160,5,7
1036,595,600,160,5,7
1037,595,600,160,5,7
1038,595,600,160,5,7
1039,595,600,160,5,6
1040,594,600,192,6,7
1041,594,600,192,6,7
1042,594,600,192,6,7
1043,594,600,192,6,7
1044,594,600,192,6,7
1045,594,600,192,6,7
1046,594,600,192,6,6
1047,594,600,192,6,7
1048,594,600,192,6,6
1049,594,600,192,6,6
1050,594,600,192,6,6
1051,594,600,192,6,5
1052,593,600,224,7,6
1053,593,600,224,7,6
1054,593,600,224,7,6
1055,593,600,224,7,6
1056,594,600,192,6,5
1057,593,600,224,7,6
1058,593,600,224,7,5
1059,594,600,192,6,4
1060,594,600,193,6,4
1061,593,600,225,7,5
1062,594,600,193,6,3
1063,594,600,193,6,3
1064,594,600,193,6,3
1065,594,600,193,6,3
1066,594,600,193,6,3
1067,594,600,193,6,2
1068,594,600,193,6,2
1069,594,600,193,6,2
1070,594,600,193,6,2
1071,594,600,193,6,2
1072,595,600,161,5,0
1073,595,600,161,5,1
1074,595,600,161,5,0
1075,595,600,161,5,0
1076,595,600,161,5,0
1077,595,600,161,5,0
1078,595,600,161,5,0
1079,595,600,161,5,0
1080,595,600,161,5,-1
1081,595,600,161,5,-1
1082,596,600,129,4,-2
1083,596,600,129,4,-2
1084,596,600,129,4,-2
1085,596,600,129,4,-2
1086,596,600,129,4,-2
1087,596,600,129,4,-2
1088,596,600,129,4,-2
1089,596,600,129,4,-2
1090,596,600,129,4,-2
1091,596,600,129,4,-2
1092,596,600,129,4,-3
1093,597,600,97,3,-4
1094,597,600,97,3,-4
1095,597,600,97,3,-4
1096,597,600,97,3,-3
1097,598,600,65,2,-5
1098,598,600,65,2,-5
1099,598,600,65,2,-4
1100,598,600,65,2,-4
1101,598,600,65,2,-5
1102,598,600,65,2,-4
1103,598,600,65,2,-4
1104,598,600,65,2,-4
1105,598,600,65,2,-4
1106,598,600,65,2,-4
1107,598,600,65,2,-4
1108,598,600,65,2,-4
1109,598,600,65,2,-4
1110,598,600,65,2,-4
1111,598,600,65,2,-4
1112,598,600,65,2,-3
1113,598,600,65,2,-3
1114,598,600,65,2,-3
1115,598,600,65,2,-3
1116,598,600,65,2,-3
1117,598,600,65,2,-3
1118,598,600,65,2,-3
1119,599,600,33,1,-4
1120,599,600,33,1,-4
1121,598,600,65,2,-3
1122,599,600,33,1,-3
1123,599,600,33,1,-3
1124,599,600,33,1,-3
1125,599,600,33,1,-3
1126,598,600,65,2,-2
1127,598,600,65,2,-2
1128,599,600,33,1,-3
1129,599,600,33,1,-3
1130,599,600,33,1,-3
1131,599,600,33,1,-3
1132,599,600,33,1,-3
1133,599,600,33,1,-2
1134,599,600,33,1,-2
1135,598,600,65,2,-1
1136,598,600,65,2,-1
1137,599,600,33,1,-1
1138,598,600,65,2,0
1139,598,600,65,2,0
1140,598,600,65,2,0
1141,599,600,33,1,-1
1142,599,600,33,1,-1
1143,599,600,33,1,-1
1144,599,600,34,1,-1
1145,598,600,66,2,0
1146,598,600,66,2,0
1147,598,600,66,2,0
1148,599,600,34,1,-1
1149,599,600,34,1,-1
1150,598,600,66,2,0
1151,598,600,66,2,0
1152,598,600,66,2,0
1153,598,600,66,2,0
1154,598,600,66,2,0
1155,598,600,66,2,0
1156,598,600,66,2,0
1157,598,600,66,2,0
1158,598,600,66,2,0
1159,598,600,66,2,1
1160,598,600,66,2,1
1161,598,600,66,2,0
1162,598,600,66,2,1
1163,598,600,66,2,1
1164,598,600,66,2,1
1165,598,600,66,2,1
1166,598,600,66,2,0
1167,598,600,66,2,0
1168,598,600,66,2,1
1169,598,600,66,2,1
1170,598,600,66,2,1
1171,598,600,66,2,1
1172,598,600,66,2,1
1173,598,600,66,2,1
1174,598,600,66,2,1
1175,598,600,66,2,0
1176,598,600,66,2,0
1177,597,600,98,3,2
1178,598,600,66,2,0
1179,597,600,98,3,1
1180,597,600,98,3,1
1181,598,600,66,2,1
1182,598,600,66,2,1
1183,598,600,66,2,1
1184,598,600,66,2,1
1185,597,600,98,3,1
1186,597,600,98,3,1
1187,597,600,98,3,1
1188,597,600,98,3,2
1189,597,600,98,3,2
1190,597,600,98,3,1
1191,597,600,98,3,1
1192,597,600,98,3,1
1193,597,600,98,3,1
1194,597,600,98,3,1
1195,597,600,98,3,1
1196,598,600,66,2,0
1197,598,600,66,2,0
1198,597,600,98,3,1
1199,597,600,98,3,1
1200,597,600,98,3,1
1201,597,600,98,3,1
1202,598,600,66,2,0
1203,598,600,66,2,0
1204,598,600,66,2,0
1205,598,600,66,2,0
1206,598,600,66,2,0
1207,598,600,66,2,0
1208,598,600,66,2,0
1209,598,600,66,2,0
1210,598,600,66,2,0
1211,598,600,66,2,0
1212,598,600,66,2,0
1213,598,600,66,2,0
1214,598,600,66,2,0
1215,598,600,66,2,0
1216,598,600,66,2,0
1217,598,600,66,2,-1
1218,598,600,66,2,0
1219,598,600,66,2,-1
1220,598,600,66,2,-1
1221,597,600,98,3,1
1222,598,600,66,2,0
1223,597,600,98,3,1
1224,598,600,66,2,0
1225,598,600,66,2,-1
1226,598,600,66,2,-1
1227,598,600,66,2,-1
1228,598,600,66,2,-1
1229,598,600,66,2,-1
1230,598,600,66,2,-1
1231,598,600,66,2,-1
1232,598,600,66,2,-1
1233,597,600,98,3,0
1234,598,600,66,2,-1
1235,598,600,66,2,-1
1236,598,600,66,2,0
1237,598,600,66,2,0
1238,598,600,66,2,-1
1239,598,600,66,2,-1
1240,598,600,66,2,-1
1241,598,600,66,2,-1
1242,598,600,66,2,0
1243,598,600,66,2,0
1244,598,600,66,2,0
1245,598,600,66,2,0
1246,598,600,66,2,0
1247,598,600,66,2,0
1248,598,600,66,2,0
1249,598,600,66,2,0
1250,598,600,66,2,0
1251,598,600,66,2,0
1252,597,600,98,3,1
1253,598,600,66,2,0
1254,598,600,66,2,0
1255,598,600,66,2,0
1256,598,600,66,2,0
1257,598,600,66,2,0
1258,598,600,66,2,0
1259,598,600,66,2,0
1260,598,600,66,2,0
1261,598,600,66,2,-1
1262,598,600,67,2,0
1263,598,600,67,2,-1
1264,598,600,67,2,0
1265,598,600,67,2,0
1266,598,600,67,2,0
1267,598,600,67,2,0
1268,598,600,67,2,0
1269,598,600,67,2,0
1270,598,600,67,2,0
1271,598,600,67,2,0
1272,598,600,67,2,0
1273,598,600,67,2,-1
1274,598,600,67,2,0
1275,598,600,67,2,0
1276,598,600,67,2,0
1277,598,600,67,2,0
1278,598,600,67,2,0
1279,597,600,99,3,1
1280,597,600,99,3,1
1281,597,600,99,3,1
1282,597,600,99,3,1
1283,598,600,67,2,0
1284,597,600,99,3,1
1285,598,600,67,2,0
1286,598,600,67,2,0
1287,598,600,67,2,0
1288,598,600,67,2,0
1289,598,600,67,2,0
1290,598,600,67,2,0
1291,598,600,67,2,0
1292,597,600,99,3,0
1293,598,600,67,2,0
1294,598,600,67,2,0
1295,598,600,67,2,0
1296,598,600,67,2,0
1297,598,600,67,2,0
1298,598,600,67,2,0
1299,598,600,67,2,0
1300,597,600,99,3,1
1301,597,600,99,3,1
1302,597,600,99,3,1
1303,598,600,67,2,0
1304,597,600,99,3,1
1305,597,600,99,3,1
1306,598,600,67,2,0
1307,598,600,67,2,0
1308,598,600,67,2,0
1309,598,600,67,2,0
1310,597,600,99,3,1
1311,597,600,99,3,1
1312,597,600,99,3,1
1313,597,600,99,3,1
1314,597,600,99,3,1
1315,598,600,67,2,0
1316,598,600,67,2,0
1317,598,600,67,2,0
1318,597,600,99,3,1
1319,598,600,67,2,-1
1320,598,600,67,2,-1
1321,598,600,67,2,-1
1322,598,600,67,2,-1
1323,598,600,67,2,0
1324,597,600,99,3,0
1325,597,600,99,3,1
1326,597,600,99,3,1
1327,598,600,67,2,0
1328,598,600,67,2,0
1329,598,600,67,2,0
1330,598,600,67,2,0
1331,598,600,67,2,0
1332,597,600,99,3,0
1333,598,600,67,2,0
1334,598,600,67,2,0
1335,597,600,99,3,1
1336,598,600,67,2,0
1337,598,600,67,2,0
1338,597,600,99,3,1
1339,598,600,67,2,0
1340,598,600,67,2,-1
1341,598,600,67,2,-1
1342,597,600,99,3,0
1343,598,600,67,2,0
1344,597,600,99,3,0
1345,597,600,99,3,0
1346,598,600,67,2,0
1347,598,600,67,2,0
1348,598,600,67,2,0
1349,598,600,67,2,0
1350,598,600,67,2,-1
1351,598,600,67,2,-1
1352,598,600,67,2,-1
1353,598,600,67,2,-1
1354,598,600,67,2,-1
1355,598,600,67,2,0
1356,598,600,67,2,0
1357,598,600,67,2,0
1358,598,600,67,2,-1
1359,598,600,67,2,0
1360,598,600,67,2,0
1361,598,600,67,2,0
1362,598,600,67,2,0
1363,598,600,67,2,0
1364,598,600,67,2,-1
1365,598,600,67,2,-1
1366,598,600,67,2,-1
1367,598,600,67,2,0
1368,598,600,67,2,0
1369,598,600,67,2,0
1370,598,600,67,2,0
1371,598,600,67,2,0
1372,598,600,67,2,-1
1373,598,600,67,2,0
1374,598,600,67,2,0
1375,598,600,67,2,-1
1376,598,600,67,2,0
1377,597,600,100,3,1
1378,598,600,68,2,-1
1379,598,600,68,2,0
1380,598,600,68,2,0
1381,598,600,68,2,0
1382,598,600,68,2,-1
1383,598,600,68,2,0
1384,598,600,68,2,-1
1385,598,600,68,2,-1
1386,598,600,68,2,0
1387,598,600,68,2,0
1388,598,600,68,2,0
1389,598,600,68,2,0
1390,598,600,68,2,0
1391,598,600,68,2,0
1392,598,600,68,2,0
1393,598,600,68,2,0
1394,598,600,68,2,0
1395,598,600,68,2,0
1396,598,600,68,2,0
1397,598,600,68,2,0
1398,598,600,68,2,0
1399,598,600,68,2,0
1400,598,600,68,2,0
1401,598,600,68,2,0
1402,598,600,68,2,0
1403,598,600,68,2,0
1404,598,600,68,2,0
1405,598,600,68,2,0
1406,598,600,68,2,0
1407,598,600,68,2,0
1408,598,600,68,2,0
1409,598,600,68,2,0
1410,598,600,68,2,0
1411,598,600,68,2,0
1412,598,600,68,2,0
1413,598,600,68,2,0
1414,598,600,68,2,0
1415,598,600,68,2,0
1416,598,600,68,2,0
1417,598,600,68,2,-1
1418,597,600,100,3,1
1419,598,600,68,2,0
1420,598,600,68,2,0
1421,598,600,68,2,0
1422,597,600,100,3,1
1423,598,600,68,2,0
1424,598,600,68,2,0
1425,598,600,68,2,0
1426,598,600,68,2,0
1427,598,600,68,2,0
1428,598,600,68,2,0
1429,598,600,68,2,0
1430,598,600,68,2,0
1431,598,600,68,2,0
1432,598,600,68,2,0
1433,598,600,68,2,0
1434,598,600,68,2,0
1435,598,600,68,2,0
1436,598,600,68,2,0
1437,598,600,68,2,0
1438,598,600,68,2,0
1439,598,600,68,2,0
1440,598,600,68,2,0
1441,598,600,68,2,0
1442,598,600,68,2,0
1443,597,600,100,3,1
1444,598,600,68,2,0
1445,598,600,68,2,0
1446,598,600,68,2,0
1447,598,600,68,2,0
1448,597,600,100,3,1
1449,597,600,100,3,1
1450,597,600,100,3,1
1451,597,600,100,3,1
1452,598,600,68,2,0
1453,598,600,68,2,0
1454,598,600,68,2,0
1455,598,600,68,2,0
1456,598,600,68,2,0
1457,597,600,100,3,1
1458,598,600,68,2,-1
1459,597,600,100,3,1
1460,597,600,100,3,1
1461,597,600,100,3,1
1462,598,600,68,2,-1
1463,598,600,68,2,0
1464,597,600,100,3,1
1465,597,600,100,3,1
1466,598,600,68,2,0
1467,598,600,68,2,0
1468,597,600,100,3,1
1469,597,600,100,3,1
1470,598,600,68,2,0
1471,598,600,68,2,0
1472,598,600,68,2,0
1473,597,600,100,3,1
1474,598,600,68,2,0
1475,598,600,68,2,0
1476,598,600,68,2,0
1477,598,600,68,2,0
1478,598,600,68,2,0
1479,598,600,68,2,0
1480,598,600,68,2,0
1481,598,600,68,2,0
1482,598,600,68,2,0
1483,598,600,68,2,-1
1484,598,600,68,2,0
1485,598,600,68,2,0
1486,598,600,68,2,0
1487,598,600,68,2,0
1488,598,600,68,2,-1
1489,598,600,68,2,-1
1490,598,600,68,2,-1
1491,598,600,68,2,-1
1492,598,600,68,2,0
1493,598,600,68,2,0
1494,598,600,68,2,0
1495,598,600,68,2,0
1496,598,600,68,2,0
1497,598,600,69,2,-1
1498,598,600,69,2,0
1499,598,600,69,2,-1
1500,598,600,69,2,-1
1501,597,600,101,3,0
1502,598,600,69,2,0
1503,598,600,69,2,0
1504,598,600,69,2,-1
1505,598,600,69,2,-1
1506,598,600,69,2,0
1507,598,600,69,2,0
1508,598,600,69,2,-1
1509,597,600,101,3,0
1510,598,600,69,2,0
1511,597,600,101,3,1
1512,598,600,69,2,0
1513,598,600,69,2,-1
1514,598,600,69,2,0
1515,598,600,69,2,0
1516,598,600,69,2,0
1517,598,600,69,2,0
1518,598,600,69,2,0
1519,598,600,69,2,0
1520,598,600,69,2,0
1521,598,600,69,2,0
1522,598,600,69,2,0
1523,598,600,69,2,0

